time,symbol,volume,net
2026-08-13 19:03:45,XAUUSDm,0.01,-2.65
2026-08-13 19:12:48,XAUUSDm,0.01,1.13
2026-08-13 19:14:22,XAUUSDm,0.01,4.11
2026-08-13 19:15:16,XAUUSDm,0.01,7.66
2026-08-13 19:15:16,XAUUSDm,0.01,1.71
2026-08-13 19:26:58,XAUUSDm,0.01,1.1
2026-08-13 19:39:28,XAUUSDm,0.01,1.1
2026-08-13 19:39:28,XAUUSDm,0.01,0.73
2026-08-13 19:46:21,XAUUSDm,0.01,1.14
2026-08-13 20:01:54,XAUUSDm,0.01,-3.36
2026-08-13 20:16:14,XAUUSDm,0.01,-2.72
2026-08-13 20:30:24,XAUUSDm,0.01,0.06
2026-08-13 20:33:26,XAUUSDm,0.01,-2.5
2026-08-13 20:35:08,XAUUSDm,0.01,0.61
2026-08-13 20:43:26,XAUUSDm,0.01,-2.56
2026-08-13 22:02:21,XAUUSDm,0.01,1.83
2026-08-13 22:02:21,XAUUSDm,0.01,2.46
2026-08-13 22:11:42,XAUUSDm,0.01,1.26
2026-08-13 22:14:34,XAUUSDm,0.01,-2.79
2026-08-13 22:23:53,XAUUSDm,0.01,-2.56
2026-08-13 22:32:44,XAUUSDm,0.01,1.2
2026-08-13 22:40:49,XAUUSDm,0.01,2.38
2026-08-13 22:40:49,XAUUSDm,0.01,2.77
2026-08-13 22:49:24,XAUUSDm,0.01,2.57
2026-08-13 22:49:41,XAUUSDm,0.01,2.21
2026-08-13 22:54:23,XAUUSDm,0.01,-2.5
2026-08-13 23:05:02,XAUUSDm,0.01,3.41
2026-08-13 23:05:03,XAUUSDm,0.01,2.22
2026-08-13 23:10:14,XAUUSDm,0.01,3.89
2026-08-13 23:10:50,XAUUSDm,0.01,-2.53
2026-08-13 23:18:40,XAUUSDm,0.01,0.11
2026-08-13 23:18:59,XAUUSDm,0.01,-2.57
2026-08-13 23:32:33,XAUUSDm,0.01,0.1
2026-08-13 23:41:14,XAUUSDm,0.01,-2.54
2026-08-13 23:43:52,XAUUSDm,0.01,0.09
2026-08-13 23:50:02,XAUUSDm,0.01,-2.74
2026-08-13 23:55:05,XAUUSDm,0.01,-0.24
2026-08-14 00:02:14,XAUUSDm,0.01,-2.61
2026-08-14 00:02:38,XAUUSDm,0.01,1.07
2026-08-14 00:08:59,XAUUSDm,0.01,-0.07
2026-08-14 00:09:35,XAUUSDm,0.01,-2.52
2026-08-14 00:13:29,XAUUSDm,0.01,1.16
2026-08-14 00:13:29,XAUUSDm,0.01,1.52
2026-08-14 00:17:46,XAUUSDm,0.01,0.11
2026-08-14 00:24:21,XAUUSDm,0.01,-0.26
2026-08-14 00:24:21,XAUUSDm,0.01,1.13
2026-08-14 00:30:26,XAUUSDm,0.01,0.41
2026-08-14 00:30:27,XAUUSDm,0.01,0.29
2026-08-14 00:39:54,XAUUSDm,0.01,0.85
2026-08-14 00:49:07,XAUUSDm,0.01,0.37
2026-08-14 00:55:13,XAUUSDm,0.01,1.81
2026-08-14 00:58:15,XAUUSDm,0.01,0.12
2026-08-14 01:00:01,XAUUSDm,0.01,-3.64
2026-08-14 01:01:22,XAUUSDm,0.01,0.61
2026-08-14 01:02:25,XAUUSDm,0.01,1.18
2026-08-14 01:04:20,XAUUSDm,0.01,-2.5
2026-08-14 01:05:54,XAUUSDm,0.01,-2.5
2026-08-14 01:19:05,XAUUSDm,0.01,2.42
2026-08-14 01:22:02,XAUUSDm,0.01,-2.55
2026-08-14 01:25:23,XAUUSDm,0.01,0.56
2026-08-14 01:30:32,XAUUSDm,0.01,-2.5
2026-08-14 01:36:35,XAUUSDm,0.01,-2.8
2026-08-14 01:47:02,XAUUSDm,0.01,-2.79
2026-08-14 01:48:48,XAUUSDm,0.01,2.4
2026-08-14 01:48:48,XAUUSDm,0.01,0.4
2026-08-14 01:52:35,XAUUSDm,0.01,-0.2
2026-08-14 01:54:35,XAUUSDm,0.01,0.5
2026-08-14 01:56:16,XAUUSDm,0.01,0.33
2026-08-14 01:57:11,XAUUSDm,0.01,-2.5
2026-08-14 02:03:47,XAUUSDm,0.01,-2.58
2026-08-14 02:04:11,XAUUSDm,0.01,-2.5
2026-08-14 02:06:50,XAUUSDm,0.01,-2.67
2026-08-14 02:59:49,XAUUSDm,0.02,-5.09
2026-08-14 03:08:39,XAUUSDm,0.02,3.46
2026-08-14 03:38:17,XAUUSDm,0.02,0.07
2026-08-14 04:07:03,XAUUSDm,0.02,0.09
2026-08-14 04:13:29,XAUUSDm,0.02,-5.0
2026-08-14 04:15:02,XAUUSDm,0.02,1.27
2026-08-14 04:41:06,XAUUSDm,0.02,-5.1
2026-08-14 05:01:54,XAUUSDm,0.02,-5.07
2026-08-14 05:10:41,XAUUSDm,0.02,4.64
2026-08-14 05:10:41,XAUUSDm,0.02,5.96
2026-08-14 05:38:41,XAUUSDm,0.02,7.83
2026-08-14 05:52:15,XAUUSDm,0.02,3.34
2026-08-14 06:05:54,XAUUSDm,0.02,0.42
2026-08-14 06:05:54,XAUUSDm,0.02,2.07
2026-08-14 06:23:47,XAUUSDm,0.02,-5.0
2026-08-14 06:39:35,XAUUSDm,0.02,-5.05
2026-08-14 06:48:00,XAUUSDm,0.02,6.33
2026-08-14 06:48:02,XAUUSDm,0.02,6.18
2026-08-14 07:03:50,XAUUSDm,0.02,0.07
2026-08-14 07:21:48,XAUUSDm,0.02,0.41
2026-08-14 07:21:48,XAUUSDm,0.02,-0.94
2026-08-14 07:25:25,XAUUSDm,0.02,0.36
2026-08-14 07:43:17,XAUUSDm,0.02,3.59
2026-08-14 07:44:32,XAUUSDm,0.03,3.41
2026-08-14 07:44:32,XAUUSDm,0.02,-1.24
2026-08-14 07:59:31,XAUUSDm,0.02,0.84
2026-08-14 08:00:26,XAUUSDm,0.01,0.99
2026-08-14 08:05:45,XAUUSDm,0.01,1.14
2026-08-14 08:05:45,XAUUSDm,0.01,-0.01
2026-08-14 08:31:14,XAUUSDm,0.01,1.45
2026-08-14 08:31:14,XAUUSDm,0.01,0.21
2026-08-14 08:42:23,XAUUSDm,0.01,-2.59
2026-08-14 08:45:32,XAUUSDm,0.01,-0.33
2026-08-14 08:45:32,XAUUSDm,0.01,-1.76
2026-08-14 08:45:32,XAUUSDm,0.01,-3.06
2026-08-14 08:45:32,XAUUSDm,0.01,-4.36
2026-08-14 08:45:33,XAUUSDm,0.01,-5.62
2026-08-14 08:45:33,XAUUSDm,0.01,0.65
2026-08-14 09:05:09,XAUUSDm,0.01,-2.5
2026-08-14 09:08:03,XAUUSDm,0.01,1.84
2026-08-14 09:08:04,XAUUSDm,0.01,0.35
2026-08-14 09:14:39,XAUUSDm,0.01,1.64
2026-08-14 09:14:40,XAUUSDm,0.01,0.14
2026-08-14 09:23:44,XAUUSDm,0.01,-2.5
2026-08-14 09:25:09,XAUUSDm,0.01,2.61
2026-08-14 09:41:47,XAUUSDm,0.01,1.22
2026-08-14 09:41:47,XAUUSDm,0.01,-0.08
2026-08-14 09:59:07,XAUUSDm,0.01,1.23
2026-08-14 09:59:07,XAUUSDm,0.01,-0.09
2026-08-14 10:10:22,XAUUSDm,0.01,-2.98
2026-08-14 10:19:04,XAUUSDm,0.01,-3.25
2026-08-14 10:19:04,XAUUSDm,0.01,-1.6800000000000002
2026-08-14 10:41:47,XAUUSDm,0.04,3.45
2026-08-14 10:41:48,XAUUSDm,0.03,-0.85
2026-08-14 10:44:01,XAUUSDm,0.03,0.89
2026-08-14 10:51:15,XAUUSDm,0.03,1.16
2026-08-14 10:54:05,XAUUSDm,0.03,-7.79
2026-08-14 10:57:19,XAUUSDm,0.05,-6.93
2026-08-14 10:57:19,XAUUSDm,0.04,-13.78
2026-08-14 10:57:19,XAUUSDm,0.03,5.49
2026-08-14 11:00:04,XAUUSDm,0.04,1.45
2026-08-14 11:00:04,XAUUSDm,0.03,-2.8
2026-08-14 11:08:08,XAUUSDm,0.04,5.63
2026-08-14 11:08:08,XAUUSDm,0.03,0.18
2026-08-14 11:16:38,XAUUSDm,0.03,-9.07
2026-08-14 11:17:02,XAUUSDm,0.06,-8.29
2026-08-14 11:17:02,XAUUSDm,0.04,-12.91
2026-08-14 11:17:02,XAUUSDm,0.03,6.19
2026-08-14 11:26:53,XAUUSDm,0.12,-3.78
2026-08-14 11:26:53,XAUUSDm,0.06,-13.39
2026-08-14 11:26:53,XAUUSDm,0.03,-0.29
2026-08-14 11:31:17,XAUUSDm,0.03,3.08
2026-08-14 11:35:47,XAUUSDm,0.03,-0.04
2026-08-14 11:39:23,XAUUSDm,0.03,0.01
2026-08-14 11:50:40,XAUUSDm,0.03,-13.17
2026-08-14 11:50:40,XAUUSDm,0.06,-11.25
2026-08-14 11:50:40,XAUUSDm,0.04,-14.17
2026-08-14 11:50:41,XAUUSDm,0.03,4.86
2026-08-14 11:54:01,XAUUSDm,0.03,3.88
2026-08-14 12:00:36,XAUUSDm,0.03,9.87
2026-08-14 12:03:18,XAUUSDm,0.03,3.76
2026-08-14 12:08:24,XAUUSDm,0.03,-0.92
2026-08-14 12:10:54,XAUUSDm,0.03,1.12
2026-08-14 12:13:36,XAUUSDm,0.03,4.42
2026-08-14 12:16:26,XAUUSDm,0.03,-9.19
2026-08-14 12:20:04,XAUUSDm,0.06,20.95
2026-08-14 12:20:04,XAUUSDm,0.04,10.22
2026-08-14 12:30:00,XAUUSDm,0.04,23.3
2026-08-14 12:30:00,XAUUSDm,0.03,12.31
2026-08-14 12:31:32,XAUUSDm,0.03,3.07
2026-08-14 12:37:21,XAUUSDm,0.03,1.17
2026-08-14 12:41:20,XAUUSDm,0.04,20.05
2026-08-14 12:41:20,XAUUSDm,0.03,10.41
2026-08-14 12:48:42,XAUUSDm,0.03,-9.0
2026-08-14 12:48:54,XAUUSDm,0.08,-1.81
2026-08-14 12:48:54,XAUUSDm,0.06,-8.99
2026-08-14 12:48:54,XAUUSDm,0.04,-10.12
2026-08-14 12:50:31,XAUUSDm,0.06,-3.97
2026-08-14 12:50:31,XAUUSDm,0.04,-7.76
2026-08-14 12:50:31,XAUUSDm,0.03,-9.65
2026-08-14 12:55:26,XAUUSDm,0.03,-9.0
2026-08-14 12:56:15,XAUUSDm,0.08,-2.52
2026-08-14 12:56:15,XAUUSDm,0.06,-10.6
2026-08-14 12:56:15,XAUUSDm,0.04,-9.19
2026-08-14 13:01:11,XAUUSDm,0.03,-9.1
2026-08-14 13:01:12,XAUUSDm,0.06,-4.25
2026-08-14 13:01:12,XAUUSDm,0.04,-7.38
2026-08-14 15:11:10,XAUUSDm,0.03,33.18
2026-08-14 16:11:21,XAUUSDm,0.03,0.47
2026-08-14 16:18:34,XAUUSDm,0.03,0.26
2026-08-14 16:24:26,XAUUSDm,0.06,-4.12
2026-08-14 16:24:26,XAUUSDm,0.03,-9.72
2026-08-14 16:24:26,XAUUSDm,0.04,-8.07
2026-08-14 16:26:26,XAUUSDm,0.03,0.29
2026-08-14 16:30:55,XAUUSDm,0.03,1.54
2026-08-14 16:34:49,XAUUSDm,0.03,2.14
2026-08-14 17:01:59,XAUUSDm,0.03,-9.0
2026-08-14 17:03:02,XAUUSDm,0.06,-8.49
2026-08-14 17:03:02,XAUUSDm,0.04,-11.69
2026-08-14 17:15:24,XAUUSDm,0.04,-13.04
2026-08-14 17:15:25,XAUUSDm,0.08,7.3
2026-08-14 17:29:15,XAUUSDm,0.16,-3.34
2026-08-14 17:29:15,XAUUSDm,0.08,-16.76
2026-08-14 17:29:15,XAUUSDm,0.04,-0.73
2026-08-14 17:37:14,XAUUSDm,0.04,-12.26
2026-08-14 17:37:15,XAUUSDm,0.08,9.0
2026-08-14 17:43:54,XAUUSDm,0.04,6.74
2026-08-14 18:01:42,XAUUSDm,0.16,-1.73
2026-08-14 18:01:42,XAUUSDm,0.08,-17.97
2026-08-14 18:01:42,XAUUSDm,0.04,-0.3
2026-08-14 18:03:41,EURUSDm,0.1,3.9
2026-08-14 18:04:08,XAUUSDm,0.04,5.07
2026-08-14 18:11:06,XAUUSDm,0.04,-12.53
2026-08-16 00:08:11,BTCUSDm,0.2,12.65
2026-08-16 05:18:55,BTCUSDm,0.2,14.81
2026-08-16 10:42:36,BTCUSDm,0.2,0.34
2026-08-16 10:43:58,BTCUSDm,0.1,-0.97
2026-08-16 10:43:58,BTCUSDm,1.0,-10.54
2026-08-16 17:44:54,BTCUSDm,1.0,-58.01
2026-08-17 16:08:23,XAUUSDm,0.1,-30.0
2026-08-17 19:28:05,XAUUSDm,1.0,870.9
2026-08-17 19:28:07,XAUUSDm,1.0,867.9
2026-08-17 20:06:14,XAUUSDm,0.3,30.0
2026-08-17 22:26:46,XAUUSDm,0.3,-96.54
2026-08-17 22:57:05,XAUUSDm,0.3,-90.0
2026-08-17 23:32:22,XAUUSDm,0.1,100.05
2026-08-18 00:37:44,XAUUSDm,0.1,201.85
2026-08-18 01:44:46,XAUUSDm,0.1,10.0
2026-08-18 01:45:41,XAUUSDm,0.3,-90.0
2026-08-18 02:01:54,XAUUSDm,0.3,-91.95
2026-08-18 02:02:55,XAUUSDm,0.3,-90.0
2026-08-18 02:33:59,XAUUSDm,0.3,-90.0
2026-08-18 02:40:46,XAUUSDm,0.3,-90.0
2026-08-18 03:18:01,XAUUSDm,0.3,30.0
2026-08-18 03:50:00,XAUUSDm,0.3,-111.75
2026-08-18 04:00:18,XAUUSDm,0.3,-90.0
2026-08-18 05:02:58,XAUUSDm,0.3,30.0
2026-08-18 05:30:01,XAUUSDm,0.3,-90.0
2026-08-18 05:31:11,XAUUSDm,0.3,-101.97
2026-08-18 06:00:45,XAUUSDm,0.3,-97.86
2026-08-18 06:34:57,XAUUSDm,0.3,30.0
2026-08-18 07:34:45,XAUUSDm,0.3,30.0
2026-08-18 07:54:40,XAUUSDm,0.3,30.0
2026-08-18 08:00:24,XAUUSDm,0.3,-90.0
2026-08-18 08:22:33,XAUUSDm,0.3,-90.0
2026-08-18 09:21:35,XAUUSDm,0.3,30.0
2026-08-18 09:43:41,XAUUSDm,0.3,-90.0
2026-08-18 10:43:02,XAUUSDm,0.1,98.01
2026-08-18 10:47:56,XAUUSDm,0.1,103.18
2026-08-18 11:33:04,XAUUSDm,0.1,10.0
2026-08-18 13:16:26,XAUUSDm,0.3,-106.17
2026-08-18 13:46:15,XAUUSDm,0.3,-122.49
2026-08-18 18:13:30,XAUUSDm,0.3,30.0
2026-08-18 19:19:33,XAUUSDm,0.3,30.0
2026-08-18 23:30:02,XAUUSDm,0.3,-9.0
2026-08-19 02:21:01,USTECm,3.0,6.0
2026-08-19 02:59:58,XAUUSDm,0.3,-90.0
2026-08-19 03:57:51,XAUUSDm,0.3,3.0
2026-08-19 04:22:44,USTECm,3.0,30.0
2026-08-19 04:43:38,XAUUSDm,0.1,100.66
2026-08-19 05:01:35,USTECm,3.0,30.0
2026-08-19 05:29:31,USTECm,3.0,30.0
2026-08-19 05:47:39,XAUUSDm,0.1,200.94
2026-08-19 06:21:56,USTECm,3.0,30.0
2026-08-19 06:44:55,USTECm,3.0,30.0
2026-08-19 07:25:32,XAUUSDm,0.1,1.0
2026-08-19 07:31:42,XAUUSDm,0.3,-119.58
2026-08-19 07:43:16,USTECm,3.0,-97.5
2026-08-19 07:57:51,USTECm,3.0,-100.08
2026-08-19 08:06:27,XAUUSDm,0.3,-162.15
2026-08-19 08:10:55,XAUUSDm,0.3,-117.27
2026-08-19 10:00:05,XAUUSDm,0.3,3.0
2026-08-19 10:05:37,USTECm,1.0,98.38
2026-08-19 11:15:16,XAUUSDm,0.1,100.09
2026-08-19 11:41:52,XAUUSDm,0.2,2.0
2026-08-19 11:49:42,XAUUSDm,0.3,-121.83
2026-08-19 12:11:41,XAUUSDm,0.3,-118.5
2026-08-19 12:32:59,XAUUSDm,0.3,-119.7
2026-08-19 12:34:04,USTECm,2.0,20.0
2026-08-19 13:18:34,XAUUSDm,0.3,3.0
2026-08-19 13:30:04,USTECm,3.0,30.0
2026-08-19 13:31:13,XAUUSDm,0.3,-103.56
2026-08-19 13:31:34,USTECm,3.0,30.0
2026-08-19 13:49:03,USTECm,1.0,102.14
2026-08-19 13:49:51,XAUUSDm,0.1,97.59
2026-08-19 13:57:45,XAUUSDm,0.2,2.0
2026-08-19 14:11:12,USTECm,1.0,198.14
2026-08-19 14:53:59,USTECm,1.0,10.0
2026-08-19 16:01:59,USTECm,3.0,-93.0
2026-08-19 16:52:21,XAUUSDm,0.3,3.0
2026-08-19 18:08:35,USTECm,1.0,101.13
2026-08-19 19:49:05,XAUUSDm,0.3,-137.76
2026-08-19 20:54:31,XAUUSDm,0.3,-110.07
2026-08-19 22:02:28,USTECm,2.0,20.0
2026-08-19 23:34:58,XAUUSDm,0.1,100.54
2026-08-20 00:15:13,USTECm,3.0,30.0
2026-08-20 00:42:08,XAUUSDm,0.1,199.93
2026-08-20 01:03:01,XAUUSDm,0.1,299.41
2026-08-20 05:30:01,XAUUSDm,0.3,-145.29
2026-08-20 06:09:43,XAUUSDm,0.1,100.32
2026-08-20 07:05:54,USTECm,3.0,30.0
2026-08-20 08:46:28,USTECm,3.0,-98.61
2026-08-20 09:54:37,XAUUSDm,0.2,20.0
2026-08-20 10:44:10,XAUUSDm,0.3,-120.0
2026-08-20 11:00:03,USTECm,1.0,101.62
2026-08-20 11:06:00,USTECm,2.0,20.0
2026-08-20 11:56:18,USTECm,3.0,-98.25
2026-08-20 13:30:18,USTECm,1.0,98.38
2026-08-20 15:25:52,USTECm,2.0,20.0
2026-08-20 15:36:01,XAUUSDm,0.1,96.63
2026-08-20 15:43:41,XAUUSDm,0.1,205.3
2026-08-20 17:50:26,USTECm,3.0,-90.0
2026-08-20 17:55:19,XAUUSDm,0.1,135.85
2026-08-20 19:21:23,XAUUSDm,0.3,-120.0
2026-08-20 20:08:03,XAUUSDm,0.3,-137.55
2026-08-20 22:38:40,XAUUSDm,0.3,-120.0
2026-08-20 23:31:07,XAUUSDm,0.3,30.0
2026-08-21 00:12:45,USTECm,0.3,-11.93
2026-08-21 01:00:29,XAUUSDm,0.3,30.0
2026-08-21 01:47:21,XAUUSDm,0.3,-114.06
2026-08-21 03:18:17,USTECm,3.0,30.0
2026-08-21 03:48:21,XAUUSDm,0.3,30.0
2026-08-21 05:17:26,XAUUSDm,0.1,105.62
2026-08-21 05:35:58,XAUUSDm,0.2,20.0
2026-08-21 06:02:20,XAUUSDm,0.3,-112.68
2026-08-21 06:32:33,XAUUSDm,0.3,-121.71
2026-08-21 06:35:55,USTECm,3.0,-119.25
2026-08-21 07:04:56,XAUUSDm,0.3,-120.0
2026-08-21 07:06:17,USTECm,3.0,-120.0
2026-08-21 07:18:06,XAUUSDm,0.3,-120.0
2026-08-21 07:42:11,XAUUSDm,0.3,-129.09
2026-08-21 08:06:07,XAUUSDm,0.3,-120.0
2026-08-21 08:21:35,XAUUSDm,0.1,98.99
2026-08-21 08:51:18,USTECm,3.0,-120.0
2026-08-21 09:04:37,XAUUSDm,0.1,200.09
2026-08-21 10:00:10,USTECm,3.0,-120.0
2026-08-21 11:02:58,USTECm,3.0,-120.0
2026-08-21 11:22:26,USTECm,3.0,-151.59
2026-08-21 12:01:10,USTECm,3.0,-120.0
2026-08-21 12:39:05,XAUUSDm,0.1,10.0
2026-08-21 13:02:49,XAUUSDm,0.1,101.43
2026-08-21 13:31:37,USTECm,0.1,9.94
2026-08-21 13:34:48,XAUUSDm,0.2,7.44
2026-08-21 13:37:47,XAUUSDm,0.1,108.06
2026-08-21 13:45:00,USTECm,0.1,19.91
2026-08-21 14:21:16,XAUUSDm,0.1,198.19
2026-08-21 18:34:28,XAUUSDm,0.1,468.67
2026-08-21 19:27:39,USTECm,2.8,308.36
2026-08-21 19:48:19,XAUUSDm,0.3,-120.0
2026-08-21 20:18:27,XAUUSDm,0.3,-120.0
2026-08-21 20:30:09,XAUUSDm,0.3,-120.0
2026-08-23 22:01:31,XAUUSDm,0.3,-209.22
2026-08-23 22:08:16,XAUUSDm,0.3,-115.23
2026-08-23 22:17:46,XAUUSDm,0.3,-120.0
2026-08-23 22:42:59,USTECm,3.0,30.0
2026-08-23 23:22:00,XAUUSDm,0.3,-120.0
2026-08-23 23:51:20,USTECm,0.1,10.01
2026-08-24 00:17:00,XAUUSDm,0.3,-120.0
2026-08-24 00:17:51,USTECm,2.9,29.0
2026-08-24 00:39:58,XAUUSDm,0.3,-126.06
2026-08-24 01:55:17,USTECm,3.0,30.0
2026-08-24 02:30:37,XAUUSDm,0.3,30.0
2026-08-24 02:39:24,XAUUSDm,0.3,-146.67
2026-08-24 03:11:18,USTECm,3.0,-121.5
2026-08-24 07:15:26,USTECm,3.0,-120.0
2026-08-24 08:16:29,XAUUSDm,0.3,-118.17
2026-08-24 08:25:50,XAUUSDm,0.3,30.0
2026-08-24 08:52:44,XAUUSDm,0.3,-121.86
2026-08-24 09:16:23,XAUUSDm,0.3,1.53
2026-08-24 10:03:30,XAUUSDm,0.1,96.98
2026-08-24 10:47:36,USTECm,3.0,30.0
2026-08-24 11:01:24,XAUUSDm,0.2,20.0
2026-08-24 11:03:10,XAUUSDm,0.3,-120.0
2026-08-24 11:31:03,XAUUSDm,0.3,30.0
2026-08-24 11:31:04,USTECm,3.0,-120.75
2026-08-24 11:35:03,XAUUSDm,0.1,106.03
2026-08-24 11:37:31,XAUUSDm,0.1,203.97
2026-08-24 13:30:20,USTECm,3.0,-168.33
2026-08-24 13:33:12,USTECm,3.0,-121.5
2026-08-24 14:02:55,USTECm,3.0,-117.75
2026-08-24 15:29:04,USTECm,3.0,-141.9
2026-08-24 15:40:21,USTECm,3.0,-119.25
2026-08-24 15:56:20,XAUUSDm,0.1,10.0
2026-08-24 16:01:42,XAUUSDm,0.3,-149.13
2026-08-24 18:18:14,XAUUSDm,2.8,-840.0
2026-08-24 18:44:46,XAUUSDm,2.8,1930.32
2026-08-24 19:50:55,USTECm,3.0,-120.75
2026-08-24 22:00:01,USTECm,3.0,-159.0
2026-08-24 23:42:36,USTECm,3.0,-119.25
2026-08-25 00:11:50,USTECm,3.0,-120.0
2026-08-25 03:16:31,XAUUSDm,3.0,138.0
2026-08-25 03:19:12,USTECm,3.0,249.39
2026-08-25 04:32:35,USTECm,0.3,-11.85
2026-08-25 05:05:02,XAUUSDm,0.53,269.08
2026-08-25 06:00:21,USTECm,0.3,-11.85
2026-08-25 07:16:23,XAUUSDm,0.65,-112.32
2026-08-25 08:11:20,XAUUSDm,0.3,-120.87
2026-08-25 08:23:48,USTECm,0.3,-14.82
2026-08-25 08:23:49,XAUUSDm,0.1,126.73
2026-08-25 08:41:09,XAUUSDm,0.2,0.0
2026-08-25 09:06:20,USTECm,0.3,-11.48
2026-08-25 09:34:10,USTECm,0.3,-11.93
2026-08-25 10:43:41,USTECm,0.3,-11.48
2026-08-25 13:29:11,XAUUSDm,0.36,-124.78
2026-08-25 13:36:10,XAUUSDm,0.36,-150.66
2026-08-25 13:57:53,XAUUSDm,0.36,-119.91
2026-08-25 18:07:57,XAUUSDm,0.3,910.56
2026-08-25 19:26:15,XAUUSDm,0.38,-111.91
2026-08-25 19:43:50,XAUUSDm,0.38,-116.24
2026-08-25 19:46:09,XAUUSDm,0.37,-97.05
2026-08-25 19:49:16,XAUUSDm,0.37,-88.8
2026-08-25 19:57:11,XAUUSDm,0.37,-103.12
2026-08-25 20:08:40,XAUUSDm,0.36,-108.0
2026-08-25 20:56:04,XAUUSDm,0.36,287.54
2026-08-25 22:30:00,XAUUSDm,0.62,-111.48
2026-08-25 23:21:19,XAUUSDm,0.44,-110.92
2026-08-25 23:31:08,XAUUSDm,0.44,274.56
2026-08-26 00:28:18,USTECm,0.3,-12.94
2026-08-26 01:00:02,XAUUSDm,0.3,-407.55
2026-08-26 01:04:59,XAUUSDm,0.1,157.75
2026-08-26 01:58:03,XAUUSDm,0.1,299.91
2026-08-26 02:33:20,XAUUSDm,0.1,328.59
2026-08-26 02:44:44,USTECm,0.1,9.89
2026-08-26 11:12:41,XAUUSDm,0.3,-389.76
2026-08-26 13:55:54,USTECm,0.1,20.11
2026-08-26 16:18:05,XAUUSDm,0.1,230.95
2026-08-26 16:18:07,XAUUSDm,0.1,231.64
2026-08-26 16:37:45,XAUUSDm,0.3,906.78
2026-08-26 17:44:40,XAUUSDm,0.5,-114.05
2026-08-26 17:54:20,XAUUSDm,0.3,15.36
2026-08-26 18:04:33,XAUUSDm,0.3,-119.91
2026-08-26 19:03:06,XAUUSDm,0.1,99.48
2026-08-26 20:58:25,USTECm,0.1,30.05
2026-08-26 22:00:52,XAUUSDm,0.2,0.0
2026-08-26 22:17:22,XAUUSDm,0.3,-120.0
2026-08-26 23:14:26,XAUUSDm,0.3,-95.43
2026-08-26 23:57:16,USTECm,3.0,-116.25
2026-08-27 00:15:42,XAUUSDm,0.3,-119.37
2026-08-27 00:35:46,XAUUSDm,0.3,-112.83
2026-08-27 00:44:03,XAUUSDm,0.3,-116.64
2026-08-27 01:07:29,XAUUSDm,0.3,-126.39
2026-08-27 01:10:22,XAUUSDm,0.3,-119.07
2026-08-27 01:14:03,XAUUSDm,0.3,-116.7
2026-08-27 02:28:41,XAUUSDm,0.3,-121.32
2026-08-27 02:37:26,XAUUSDm,0.3,-124.92
2026-08-27 03:22:08,XAUUSDm,0.1,101.68
2026-08-27 03:49:17,XAUUSDm,0.2,0.0
2026-08-27 04:19:59,XAUUSDm,0.3,-105.63
2026-08-27 04:30:01,XAUUSDm,0.3,-120.0
2026-08-27 05:01:33,XAUUSDm,0.3,-120.0
2026-08-27 05:31:33,XAUUSDm,0.3,-120.0
2026-08-27 06:30:00,XAUUSDm,0.3,-120.0
2026-08-27 07:15:02,USTECm,0.1,9.91
2026-08-27 07:26:03,XAUUSDm,0.1,104.8
2026-08-27 08:01:52,XAUUSDm,0.2,0.0
2026-08-27 08:27:34,USTECm,0.1,20.04
2026-08-27 08:44:44,XAUUSDm,0.1,99.16
2026-08-27 09:37:06,XAUUSDm,0.1,207.3
2026-08-27 10:02:24,XAUUSDm,0.1,298.05
2026-08-27 10:42:33,XAUUSDm,0.3,-120.0
2026-08-27 11:14:58,XAUUSDm,0.3,-120.0
2026-08-27 11:22:38,XAUUSDm,0.3,-120.0
2026-08-27 11:31:42,XAUUSDm,0.3,-120.0
2026-08-27 12:40:45,XAUUSDm,0.1,98.27
2026-08-27 13:34:28,XAUUSDm,0.1,200.78
2026-08-27 13:35:17,USTECm,2.8,28.0
2026-08-27 13:48:30,XAUUSDm,0.1,300.0
2026-08-27 14:20:43,XAUUSDm,0.3,-120.0
2026-08-27 14:34:21,XAUUSDm,0.3,-120.0
2026-08-27 15:32:07,XAUUSDm,0.3,-115.59
2026-08-27 15:40:12,XAUUSDm,0.3,-168.24
2026-08-27 15:50:25,XAUUSDm,0.3,-135.18
2026-08-27 16:18:23,XAUUSDm,0.3,-122.25
2026-08-27 16:46:01,XAUUSDm,0.1,101.08
2026-08-27 17:00:56,XAUUSDm,0.1,110.31
2026-08-27 17:01:03,XAUUSDm,0.09,98.25
2026-08-27 17:02:33,XAUUSDm,0.01,7.74
2026-08-27 18:04:25,XAUUSDm,0.39,277.14
2026-08-27 18:27:00,XAUUSDm,0.3,-17.76
2026-08-27 19:02:31,XAUUSDm,0.3,-90.0
2026-08-27 19:05:05,XAUUSDm,0.3,-90.0
2026-08-27 20:52:46,XAUUSDm,0.28,280.0
2026-08-27 23:28:13,XAUUSDm,0.52,-116.12
2026-08-27 23:45:04,XAUUSDm,0.35,-112.87
2026-08-28 00:20:23,XAUUSDm,0.31,-118.45
2026-08-28 00:25:12,XAUUSDm,0.28,-112.0
2026-08-28 00:31:18,XAUUSDm,0.27,-108.0
2026-08-28 00:44:39,XAUUSDm,0.42,-109.87
2026-08-28 01:09:46,XAUUSDm,0.27,266.44
2026-08-28 01:52:58,XAUUSDm,0.28,-112.0
2026-08-28 02:03:12,XAUUSDm,0.46,-109.48
2026-08-28 02:30:45,XAUUSDm,0.33,268.62
2026-08-28 13:02:56,USTECm,3.0,30.0
2026-08-28 13:53:52,XAUUSDm,0.38,-111.23
2026-08-28 14:00:35,XAUUSDm,0.27,270.0
2026-08-28 14:18:26,XAUUSDm,0.28,-143.53
2026-08-28 14:30:30,XAUUSDm,0.28,-104.35
2026-08-28 14:34:13,XAUUSDm,0.27,262.77
2026-08-28 14:34:41,XAUUSDm,0.28,-114.8
2026-08-28 14:39:43,XAUUSDm,0.28,-105.19
2026-08-28 14:54:53,XAUUSDm,0.28,281.26
2026-08-28 15:00:27,XAUUSDm,0.28,298.9
2026-08-28 15:57:12,XAUUSDm,5.0,-1500.0
2026-08-28 15:58:57,XAUUSDm,5.0,-1155.5
2026-08-28 16:00:07,XAUUSDm,5.0,-5076.0
2026-08-28 16:02:48,XAUUSDm,5.0,-2500.0
2026-08-28 16:08:25,XAUUSDm,0.03,27.77
2026-08-28 16:12:13,XAUUSDm,0.04,-16.65
2026-08-28 16:18:12,XAUUSDm,0.03,28.34
2026-08-28 16:19:28,XAUUSDm,0.04,-17.65
2026-08-28 16:21:34,XAUUSDm,0.04,38.39
2026-08-28 16:23:12,XAUUSDm,0.04,-15.75
2026-08-28 16:36:43,XAUUSDm,0.04,-17.11
2026-08-28 16:46:04,XAUUSDm,0.04,-16.54
2026-08-28 16:57:55,XAUUSDm,0.03,-12.73
2026-08-28 18:23:45,USTECm,3.0,30.0
2026-08-28 18:34:09,XAUUSDm,0.04,-17.19
2026-08-28 18:42:40,XAUUSDm,0.04,-26.05
2026-08-28 18:45:07,XAUUSDm,0.03,-19.76
2026-08-28 18:46:45,XAUUSDm,0.03,-11.16
2026-08-28 19:38:05,XAUUSDm,0.03,30.32
2026-08-31 17:48:12,XAUUSDm,0.3,-118.44
2026-09-02 13:31:25,XAUUSDm,0.02,26.86
2026-09-02 14:10:00,XAUUSDm,0.02,18.23
2026-09-02 15:30:11,XAUUSDm,0.02,0.27
2026-09-02 17:17:42,XAUUSDm,0.04,-20.51
2026-09-02 17:45:17,XAUUSDm,0.01,7.18
2026-09-02 18:12:05,XAUUSDm,0.02,0.23
2026-09-02 20:00:25,XAUUSDm,0.02,22.85
2026-09-02 20:14:54,XAUUSDm,0.04,-20.24
2026-09-02 20:15:14,XAUUSDm,0.04,-20.28
2026-09-02 22:02:38,XAUUSDm,0.02,6.62
2026-09-02 22:17:06,XAUUSDm,0.05,0.31
2026-09-02 23:46:31,XAUUSDm,0.02,6.5600000000000005
2026-09-03 00:07:27,XAUUSDm,0.04,16.97
